metric,value
总销售额,38748761.8
总订单数,27618
总客户数,18484
总产品数,158
平均客单价,1403.0256282134837
平均购物车大小,2.1869070895792597
整体复购率,37.11%
平均每位客户营收,"¥2,096.34"
